id,transactionDate,accountNumber,accountHolderName,amount,status
a1b2c3d4-0001-0001-0001-000000000001,2025-03-01,7289-3445-1121,Maria Johnson,150.00,Settled
a1b2c3d4-0002-0002-0002-000000000002,2025-03-05,1023-4567-8901,James Williams,320.50,Pending
a1b2c3d4-0003-0003-0003-000000000003,2025-03-10,5544-3322-1100,Linda Brown,75.00,Failed
a1b2c3d4-0004-0004-0004-000000000004,2025-03-15,6677-8899-0011,Robert Davis,500.00,Settled
a1b2c3d4-0005-0005-0005-000000000005,2025-03-20,2233-4455-6677,Patricia Martinez,99.99,Pending
a1b2c3d4-0006-0006-0006-000000000006,2025-04-01,8899-0011-2233,Charles Wilson,1200.00,Settled
a1b2c3d4-0007-0007-0007-000000000007,2025-04-07,3344-5566-7788,Barbara Moore,45.50,Failed
a1b2c3d4-0008-0008-0008-000000000008,2025-04-12,9900-1122-3344,Thomas Taylor,780.25,Settled
a1b2c3d4-0009-0009-0009-000000000009,2025-04-18,4455-6677-8899,Jessica Anderson,230.00,Pending
a1b2c3d4-0010-0010-0010-000000000010,2025-04-25,1122-3344-5566,Christopher Jackson,60.00,Settled
a1b2c3d4-0011-0011-0011-000000000011,2026-08-05,322212345678777,Michael Buendia,120.00,Settled
d9e57e0d-938b-454e-81e8-11f0856f4752,2026-08-11,123456789567,Joshua Garcia,1233.00,Failed
debe7ff7-eb72-4326-9ac7-ff4fc801a841,2026-08-06,123456789123,Corvius Glave,123.00,Settled
